<?xml version="1.0" encoding="UTF-8"?>
<jcr:root xmlns:sling="http://sling.apache.org/jcr/sling/1.0" xmlns:cq="http://www.day.com/jcr/cq/1.0" xmlns:jcr="http://www.jcp.org/jcr/1.0" xmlns:nt="http://www.jcp.org/jcr/nt/1.0" xmlns:rep="internal"
    jcr:lastModified="{Date}2021-02-18T12:30:57.073Z"
    jcr:lastModifiedBy="admin"
    jcr:mixinTypes="[rep:AccessControllable]"
    jcr:primaryType="sling:OrderedFolder">
    <jcr:content
        cq:conf="/conf/Abcam-SSR-POC"
        jcr:primaryType="nt:unstructured"
        jcr:title="Abcam SSR POC"
        sourcing="false">
        <policies jcr:primaryType="nt:unstructured">
            <cfm jcr:primaryType="nt:unstructured"/>
        </policies>
        <folderThumbnail/>
    </jcr:content>
    <rep:policy/>
    <entities/>
    <images/>
</jcr:root>
